{
    "metrics": {
        "server_errors": {
            "count": 0,
            "rate": 0,
            "thresholds": {
                "count==0": false
            }
        },
        "http_req_sending": {
            "min": 0.007334,
            "med": 0.024806,
            "max": 7.98105,
            "p(90)": 0.0366243,
            "p(95)": 0.045101649999999986,
            "avg": 0.03148745432977464
        },
        "seat_reservation_conflicts": {
            "rate": 24.788346124471023,
            "count": 771
        },
        "http_req_duration": {
            "p(90)": 1145.7112168,
            "p(95)": 1438.867927249998,
            "avg": 560.5444195709773,
            "min": 14.694572,
            "med": 422.18063900000004,
            "max": 4886.270754,
            "thresholds": {
                "p(95)<2000": false,
                "p(99)<5000": false
            }
        },
        "http_req_blocked": {
            "p(90)": 0.009408,
            "p(95)": 0.011116999999999985,
            "avg": 0.03584452550415165,
            "min": 0.002114,
            "med": 0.006282,
            "max": 8.543896
        },
        "data_sent": {
            "rate": 41859.832538441995,
            "count": 1301980
        },
        "http_req_waiting": {
            "min": 14.610224,
            "med": 422.077966,
            "max": 4886.130611,
            "p(90)": 1145.6035886000002,
            "p(95)": 1438.727101999998,
            "avg": 560.41558009411
        },
        "checks": {
            "passes": 5057,
            "fails": 0,
            "value": 1
        },
        "iteration_duration": {
            "p(95)": 2777.2079216999987,
            "avg": 1402.1069767114675,
            "min": 182.933303,
            "med": 1291.165437,
            "max": 6003.96581,
            "p(90)": 2349.828364700001
        },
        "vus": {
            "max": 100,
            "value": 10,
            "min": 10
        },
        "seat_reservations_created": {
            "count": 134,
            "rate": 4.308220986613641
        },
        "http_req_duration{expected_response:true}": {
            "max": 4886.270754,
            "p(90)": 1145.7112168,
            "p(95)": 1438.867927249998,
            "avg": 560.5444195709773,
            "min": 14.694572,
            "med": 422.18063900000004
        },
        "iterations": {
            "count": 2180,
            "rate": 70.0889682896846
        },
        "reservations_confirmed": {
            "count": 343,
            "rate": 11.027759689615513
        },
        "http_req_tls_handshaking": {
            "avg": 0,
            "min": 0,
            "med": 0,
            "max": 0,
            "p(90)": 0,
            "p(95)": 0
        },
        "data_received": {
            "count": 1981405,
            "rate": 63703.95973120299
        },
        "http_reqs": {
            "count": 5058,
            "rate": 162.61926679322235
        },
        "http_req_failed": {
            "passes": 0,
            "fails": 5058,
            "thresholds": {
                "rate<0.01": false
            },
            "value": 0
        },
        "http_req_connecting": {
            "max": 8.495745,
            "p(90)": 0,
            "p(95)": 0,
            "avg": 0.027296236061684447,
            "min": 0,
            "med": 0
        },
        "http_req_receiving": {
            "max": 0.5863,
            "p(90)": 0.13461830000000002,
            "p(95)": 0.1489105,
            "avg": 0.09735202253855292,
            "min": 0.02096,
            "med": 0.0960905
        },
        "reservations_cancelled": {
            "count": 353,
            "rate": 11.349268718467277
        },
        "quantity_reservations_created": {
            "count": 1275,
            "rate": 40.99240117859994
        },
        "vus_max": {
            "value": 100,
            "min": 100,
            "max": 100
        }
    },
    "setup_data": {
        "event_id": "a80b5f9e-af59-4c54-9ccf-c4fe98382ffb",